{
  "source_url": "https://anichin.cafe/seri/list-mode/",
  "scraped_at": "2025-07-24T22:42:26.028458",
  "total_found": 479,
  "anime_list": [
    {
      "title": "100.000 Years of Refining Qi",
      "url": "https://anichin.cafe/seri/100-000-years-of-refining-qi/"
    },
    {
      "title": "36 Cavalry",
      "url": "https://anichin.cafe/seri/36-cavalry/"
    },
    {
      "title": "4 Cut Hero",
      "url": "https://anichin.cafe/seri/4-cut-hero/"
    },
    {
      "title": "A Moment but Forever",
      "url": "https://anichin.cafe/seri/a-momment-but-forever/"
    },
    {
      "title": "A Portrait of Jianghu: Bu Liang Ren Season 1",
      "url": "https://anichin.cafe/seri/a-portrait-of-jianghu-bu-liang-ren-season-1/"
    },
    {
      "title": "A Portrait of Jianghu: Bu Liang Ren Season 2",
      "url": "https://anichin.cafe/seri/a-portrait-of-jianghu-bu-liang-ren-season-2/"
    },
    {
      "title": "A Portrait of Jianghu: Bu Liang Ren Season 3",
      "url": "https://anichin.cafe/seri/a-portrait-of-jianghu-bu-liang-ren-season-3/"
    },
    {
      "title": "A Portrait of Jianghu: Bu Liang Ren Season 4",
      "url": "https://anichin.cafe/seri/a-portrait-of-jianghu-bu-liang-ren-season-4/"
    },
    {
      "title": "A Portrait of Jianghu: Bu Liang Ren Season 5",
      "url": "https://anichin.cafe/seri/a-portrait-of-jianghu-bu-liang-ren-season-5/"
    },
    {
      "title": "A Portrait of Jianghu: Bu Liang Ren Season 6",
      "url": "https://anichin.cafe/seri/a-portrait-of-jianghu-bu-liang-ren-season-6/"
    },
    {
      "title": "A Portrait of Jianghu: Bu Liang Ren Season 7",
      "url": "https://anichin.cafe/seri/a-portrait-of-jianghu-bu-liang-ren-season-7/"
    },
    {
      "title": "A Portrait of Jianghu: Spirit Master",
      "url": "https://anichin.cafe/seri/a-portrait-of-jianghu-spirit-master/"
    },
    {
      "title": "A Record of A Mortal’s Journey to Immortality",
      "url": "https://anichin.cafe/seri/a-record-of-a-mortals-journey-to-immortality/"
    },
    {
      "title": "A Record of a Mortal’s Journey to Immortality Season 1",
      "url": "https://anichin.cafe/seri/a-record-of-a-mortals-journey-to-immortality-season-1/"
    },
    {
      "title": "A World Worth Protecting",
      "url": "https://anichin.cafe/seri/a-world-worth-protecting/"
    },
    {
      "title": "Adventures in Subduing the Demons",
      "url": "https://anichin.cafe/seri/adventures-in-subduing-the-demons/"
    },
    {
      "title": "Against the Gods",
      "url": "https://anichin.cafe/seri/against-the-gods/"
    },
    {
      "title": "Against the Sky Supreme",
      "url": "https://anichin.cafe/seri/against-the-sky-supreme/"
    },
    {
      "title": "Age of Gunslingers",
      "url": "https://anichin.cafe/seri/age-of-gunslingers/"
    },
    {
      "title": "Agents in Otherworld",
      "url": "https://anichin.cafe/seri/agents-in-otherworld/"
    },
    {
      "title": "Aku Bukan Lagi Protagonis Wanita",
      "url": "https://anichin.cafe/seri/aku-bukan-lagi-protagonis-wanita/"
    },
    {
      "title": "Ancient Lords",
      "url": "https://anichin.cafe/seri/ancient-lords/"
    },
    {
      "title": "Ancient Myth",
      "url": "https://anichin.cafe/seri/ancient-myth/"
    },
    {
      "title": "Ancient Star Divine Technique",
      "url": "https://anichin.cafe/seri/ancient-star-divine-technique/"
    },
    {
      "title": "Ancient Supremacy",
      "url": "https://anichin.cafe/seri/ancient-supremacy/"
    },
    {
      "title": "Ancient War Soul",
      "url": "https://anichin.cafe/seri/ancient-war-soul/"
    },
    {
      "title": "Apotheosis",
      "url": "https://anichin.cafe/seri/apotheosis/"
    },
    {
      "title": "ARCANE | League of Legends: Battle of the Two Cities",
      "url": "https://anichin.cafe/seri/arcane-league-of-legends-battle-of-the-two-cities/"
    },
    {
      "title": "ARCANE 2",
      "url": "https://anichin.cafe/seri/arcane-2/"
    },
    {
      "title": "Azure Legacy",
      "url": "https://anichin.cafe/seri/azure-legacy/"
    },
    {
      "title": "Back to the Great Ming",
      "url": "https://anichin.cafe/seri/back-to-the-great-ming/"
    },
    {
      "title": "Battle Through the Heavens Season 1 + Special",
      "url": "https://anichin.cafe/seri/battle-through-the-heavens-season-1-special/"
    },
    {
      "title": "Battle Through the Heavens Season 2 + Special",
      "url": "https://anichin.cafe/seri/battle-through-the-heavens-season-2-special/"
    },
    {
      "title": "Battle Through the Heavens Season 3",
      "url": "https://anichin.cafe/seri/battle-through-the-heavens-season-3/"
    },
    {
      "title": "Battle Through the Heavens Season 4",
      "url": "https://anichin.cafe/seri/battle-through-the-heavens-season-4/"
    },
    {
      "title": "Battle Through the Heavens Season 5",
      "url": "https://anichin.cafe/seri/battle-through-the-heavens-season-5/"
    },
    {
      "title": "Battle Through the Heavens: The Origin",
      "url": "https://anichin.cafe/seri/battle-through-the-heavens-the-origin/"
    },
    {
      "title": "Battle Through the Heavens: Three Year Agreement",
      "url": "https://anichin.cafe/seri/battle-through-the-heavens-three-year-agreement/"
    },
    {
      "title": "Beyond the Ocean Season 1",
      "url": "https://anichin.cafe/seri/beyond-the-ocean-season-1/"
    },
    {
      "title": "Beyond the Ocean Season 2",
      "url": "https://anichin.cafe/seri/beyond-the-ocean-season-2/"
    },
    {
      "title": "Blade of Guardians",
      "url": "https://anichin.cafe/seri/blade-of-guardians/"
    },
    {
      "title": "Blader Soul: Origin",
      "url": "https://anichin.cafe/seri/blader-soul-prolog/"
    },
    {
      "title": "Bu Liang Ren: The Legend of Yuan Tiangang",
      "url": "https://anichin.cafe/seri/bu-liang-ren-the-legend-of-yuan-tiangang/"
    },
    {
      "title": "Bureau of Paranormal Investigation",
      "url": "https://anichin.cafe/seri/bureau-of-paranormal-investigation/"
    },
    {
      "title": "Carpenter Assassin",
      "url": "https://anichin.cafe/seri/carpenter-assassin/"
    },
    {
      "title": "Chang An Huan Jie",
      "url": "https://anichin.cafe/seri/chang-an-huan-jie/"
    },
    {
      "title": "Charm of Soul Pets",
      "url": "https://anichin.cafe/seri/charm-of-soul-pets/"
    },
    {
      "title": "Chinesse Mystery Man",
      "url": "https://anichin.cafe/seri/chinesse-mystery-man/"
    },
    {
      "title": "Close Combat Mage",
      "url": "https://anichin.cafe/seri/close-combat-mage/"
    },
    {
      "title": "Core Sense",
      "url": "https://anichin.cafe/seri/core-sense/"
    },
    {
      "title": "Cupid’s Chocolates Season 1",
      "url": "https://anichin.cafe/seri/cupids-chocolates-season-1/"
    },
    {
      "title": "Cupid’s Chocolates Season 2",
      "url": "https://anichin.cafe/seri/cupids-chocolates-season-2/"
    },
    {
      "title": "Deep Se",
      "url": "https://anichin.cafe/seri/deep-se/"
    },
    {
      "title": "Defense Fully Open",
      "url": "https://anichin.cafe/seri/defense-fully-open/"
    },
    {
      "title": "Demigod Realm",
      "url": "https://anichin.cafe/seri/demigod-realm/"
    },
    {
      "title": "Demon Spirit Seed Manual",
      "url": "https://anichin.cafe/seri/demon-spirit-seed-manual/"
    },
    {
      "title": "Divine Dao Emperor",
      "url": "https://anichin.cafe/seri/divine-dao-emperor/"
    },
    {
      "title": "Don’t Give Up",
      "url": "https://anichin.cafe/seri/dont-give-up/"
    },
    {
      "title": "Douluo Continent [Soul Land Live Action]",
      "url": "https://anichin.cafe/seri/douluo-continent-soul-land-live-action/"
    },
    {
      "title": "Douluo Dalu: Jiandao Chen Xin",
      "url": "https://anichin.cafe/seri/douluo-dalu-jiandao-chen-xin/"
    },
    {
      "title": "Dragon Prince Yuan",
      "url": "https://anichin.cafe/seri/dragon-prince-yuan/"
    },
    {
      "title": "Dragon Raja",
      "url": "https://anichin.cafe/seri/dragon-raja/"
    },
    {
      "title": "Dragon Raja Season 2",
      "url": "https://anichin.cafe/seri/dragon-raja-season-2/"
    },
    {
      "title": "Dragon Star Master",
      "url": "https://anichin.cafe/seri/dragon-star-master/"
    },
    {
      "title": "Dragon’s Disciple",
      "url": "https://anichin.cafe/seri/dragons-disciple/"
    },
    {
      "title": "Dream Tower: Snow Mystery City Season 2",
      "url": "https://anichin.cafe/seri/dream-tower-snow-mystery-city-season-2/"
    },
    {
      "title": "Drowning Sorrows in Raging Fire",
      "url": "https://anichin.cafe/seri/drowning-sorrows-in-raging-fire/"
    },
    {
      "title": "Dubu Xiaoyao",
      "url": "https://anichin.cafe/seri/dubu-xiaoyao/"
    },
    {
      "title": "Eclipse of Illusion",
      "url": "https://anichin.cafe/seri/eclipse-of-illusion/"
    },
    {
      "title": "EMBERS",
      "url": "https://anichin.cafe/seri/embers/"
    },
    {
      "title": "Endless God Realm",
      "url": "https://anichin.cafe/seri/endless-god-realm/"
    },
    {
      "title": "Epic of Divinity Light",
      "url": "https://anichin.cafe/seri/epic-of-divinity-light/"
    },
    {
      "title": "Eudemon Quest",
      "url": "https://anichin.cafe/seri/eudemon-quest/"
    },
    {
      "title": "Everlasting God of Sword",
      "url": "https://anichin.cafe/seri/everlasting-god-of-sword/"
    },
    {
      "title": "Everything Is Fine With The Emperor",
      "url": "https://anichin.cafe/seri/everything-is-fine-with-the-emperor/"
    },
    {
      "title": "Face on Lie",
      "url": "https://anichin.cafe/seri/face-on-lie/"
    },
    {
      "title": "Fairy Mountain",
      "url": "https://anichin.cafe/seri/fairy-mountain/"
    },
    {
      "title": "Fallen Mystic Master",
      "url": "https://anichin.cafe/seri/fallen-mystic-master/"
    },
    {
      "title": "Fengwu Demon Chef",
      "url": "https://anichin.cafe/seri/fengwu-demon-chef/"
    },
    {
      "title": "Fight For The Throne",
      "url": "https://anichin.cafe/seri/fight-for-the-throne/"
    },
    {
      "title": "Five Elements God Of War",
      "url": "https://anichin.cafe/seri/five-elements-god-of-war/"
    },
    {
      "title": "Foreordination",
      "url": "https://anichin.cafe/seri/foreordination/"
    },
    {
      "title": "Forty Millenniums of Cultivation",
      "url": "https://anichin.cafe/seri/forty-millenniums-of-cultivation/"
    },
    {
      "title": "Fox Spirit Matchmaker Season 1 – 4",
      "url": "https://anichin.cafe/seri/fox-spirit-matchmaker-season-1-4/"
    },
    {
      "title": "Fox Spirit Matchmaker Season 5",
      "url": "https://anichin.cafe/seri/fox-spirit-matchmaker-season-5/"
    },
    {
      "title": "Fox Spirit Matchmaker Season 6",
      "url": "https://anichin.cafe/seri/fox-spirit-matchmaker-season-6/"
    },
    {
      "title": "Fox Spirit Matchmaker Season 7",
      "url": "https://anichin.cafe/seri/fox-spirit-matchmaker-season-7/"
    },
    {
      "title": "Fox Spirit Matchmaker Season 8",
      "url": "https://anichin.cafe/seri/fox-spirit-matchmaker-season-8/"
    },
    {
      "title": "Fox Spirit Matchmaker Season 9",
      "url": "https://anichin.cafe/seri/fox-spirit-matchmaker-season-9/"
    },
    {
      "title": "Glorious Revenge of Ye Feng",
      "url": "https://anichin.cafe/seri/glorious-revenge-of-ye-feng/"
    },
    {
      "title": "God of Deception",
      "url": "https://anichin.cafe/seri/god-of-deception/"
    },
    {
      "title": "God of Magical World",
      "url": "https://anichin.cafe/seri/god-of-magical-world/"
    },
    {
      "title": "God of War Alliance",
      "url": "https://anichin.cafe/seri/god-of-war-alliance/"
    },
    {
      "title": "Golden Guards: The Wind Rises From Jinling",
      "url": "https://anichin.cafe/seri/golden-guards-the-wind-rises-from-jinling/"
    },
    {
      "title": "GoWest: Overworked",
      "url": "https://anichin.cafe/seri/gowest-overworked/"
    },
    {
      "title": "Great Desolation Spirit Sovereign",
      "url": "https://anichin.cafe/seri/great-desolation-spirit-sovereign/"
    },
    {
      "title": "Great Doctor Miss Nine",
      "url": "https://anichin.cafe/seri/great-doctor-miss-nine/"
    },
    {
      "title": "Guan Hai Ce",
      "url": "https://anichin.cafe/seri/guan-hai-ce/"
    },
    {
      "title": "Guomin Laogong Dai Huijia",
      "url": "https://anichin.cafe/seri/guomin-laogong-dai-huijia/"
    },
    {
      "title": "Guomin Laogong Dai Huijia Season 2",
      "url": "https://anichin.cafe/seri/guomin-laogong-dai-huijia-season-2/"
    },
    {
      "title": "Guomin Laogong Dai Huijia Season 3",
      "url": "https://anichin.cafe/seri/guomin-laogong-dai-huijia-season-3/"
    },
    {
      "title": "Guomin Laogong Dai Huijia Season 4",
      "url": "https://anichin.cafe/seri/guomin-laogong-dai-huijia-season-4/"
    },
    {
      "title": "Heaven Official’s Blessing",
      "url": "https://anichin.cafe/seri/heaven-officials-blessing/"
    },
    {
      "title": "Heaven Official’s Blessing Season 2",
      "url": "https://anichin.cafe/seri/heaven-officials-blessing-season-2/"
    },
    {
      "title": "Heaven Official’s Blessing Special",
      "url": "https://anichin.cafe/seri/heaven-officials-blessing-special/"
    },
    {
      "title": "Heaven Shadow",
      "url": "https://anichin.cafe/seri/heaven-shadow/"
    },
    {
      "title": "Heaven Swallowing Record",
      "url": "https://anichin.cafe/seri/heaven-swallowing-record/"
    },
    {
      "title": "Heavenly Brick Knight",
      "url": "https://anichin.cafe/seri/heavenly-brick-knight/"
    },
    {
      "title": "Heibai Wushuang Season 1",
      "url": "https://anichin.cafe/seri/heibai-wushuang-season-1/"
    },
    {
      "title": "Heibai Wushuang Season 2",
      "url": "https://anichin.cafe/seri/heibai-wushuang-season-2/"
    },
    {
      "title": "Heibai Wushuang Season 3",
      "url": "https://anichin.cafe/seri/heibai-wushuang-season-3/"
    },
    {
      "title": "Hero Return",
      "url": "https://anichin.cafe/seri/hero-return/"
    },
    {
      "title": "Hidden Sect Leader",
      "url": "https://anichin.cafe/seri/hidden-sect-leader/"
    },
    {
      "title": "Hitori no Shita: The Outcast Season 1",
      "url": "https://anichin.cafe/seri/hitori-no-shita-the-outcast-season-1/"
    },
    {
      "title": "Hitori no Shita: The Outcast Season 2",
      "url": "https://anichin.cafe/seri/hitori-no-shita-the-outcast-season-2/"
    },
    {
      "title": "Hitori no Shita: The Outcast Season 3",
      "url": "https://anichin.cafe/seri/hitori-no-shita-the-outcast-season-3/"
    },
    {
      "title": "Hitori no Shita: The Outcast Season 4",
      "url": "https://anichin.cafe/seri/hitori-no-shita-the-outcast-season-4/"
    },
    {
      "title": "Hitori no Shita: The Outcast Season 5",
      "url": "https://anichin.cafe/seri/hitori-no-shita-the-outcast-season-5/"
    },
    {
      "title": "Honor of Kings: Destiny Arc",
      "url": "https://anichin.cafe/seri/honor-of-kings-destiny-arc/"
    },
    {
      "title": "Honor of Kings: Glory Arc",
      "url": "https://anichin.cafe/seri/honor-of-kings-glory-arc/"
    },
    {
      "title": "I Am The Blade",
      "url": "https://anichin.cafe/seri/i-am-the-blade/"
    },
    {
      "title": "I Can Have Infinite Enlightenment",
      "url": "https://anichin.cafe/seri/i-can-have-infinite-enlightenment/"
    },
    {
      "title": "I Have Refined Qi For 3000 Years!",
      "url": "https://anichin.cafe/seri/i-have-refined-qi-for-3000-years/"
    },
    {
      "title": "I Picked Up An Attribute",
      "url": "https://anichin.cafe/seri/i-picked-up-an-attribute/"
    },
    {
      "title": "Immemorial Love For You",
      "url": "https://anichin.cafe/seri/immemorial-love-for-you/"
    },
    {
      "title": "Immemorial Love For You Season 2",
      "url": "https://anichin.cafe/seri/immemorial-love-for-you-season-2/"
    },
    {
      "title": "Immortal Tomb",
      "url": "https://anichin.cafe/seri/immortal-tomb/"
    },
    {
      "title": "IMMORTALITY Season 1",
      "url": "https://anichin.cafe/seri/immortality-season-1/"
    },
    {
      "title": "IMMORTALITY Season 2",
      "url": "https://anichin.cafe/seri/immortality-season-2/"
    },
    {
      "title": "IMMORTALITY SEASON 3",
      "url": "https://anichin.cafe/seri/immortality-season-3/"
    },
    {
      "title": "IMMORTALITY SEASON 4",
      "url": "https://anichin.cafe/seri/immortality-season-4/"
    },
    {
      "title": "Incomparable Demon King",
      "url": "https://anichin.cafe/seri/incomparable-demon-king/"
    },
    {
      "title": "Jade Dynasty",
      "url": "https://anichin.cafe/seri/jade-dynasty/"
    },
    {
      "title": "Jun You Yun",
      "url": "https://anichin.cafe/seri/jun-you-yun/"
    },
    {
      "title": "Jun You Yun Season 2",
      "url": "https://anichin.cafe/seri/jun-you-yun-season-2/"
    },
    {
      "title": "Kai Feng Qitan: Zhege Baogong Bu Taixing",
      "url": "https://anichin.cafe/seri/kai-feng-qitan-zhege-baogong-bu-taixing/"
    },
    {
      "title": "Keyboard Immortal",
      "url": "https://anichin.cafe/seri/keyboard-immortal/"
    },
    {
      "title": "Killer Seven Season 1",
      "url": "https://anichin.cafe/seri/killer-seven-season-1/"
    },
    {
      "title": "Killer Seven Season 2",
      "url": "https://anichin.cafe/seri/killer-seven-season-2/"
    },
    {
      "title": "Killer Seven Season 3",
      "url": "https://anichin.cafe/seri/killer-seven-season-3/"
    },
    {
      "title": "Killer Seven Season 4",
      "url": "https://anichin.cafe/seri/killer-seven-season-4/"
    },
    {
      "title": "King of Loose Cultivators",
      "url": "https://anichin.cafe/seri/king-of-loose-cultivators/"
    },
    {
      "title": "Knights on Debris",
      "url": "https://anichin.cafe/seri/knights-on-debris/"
    },
    {
      "title": "Law of the Devil",
      "url": "https://anichin.cafe/seri/law-of-the-devil/"
    },
    {
      "title": "Left-Hand Layup!",
      "url": "https://anichin.cafe/seri/left-hand-layup/"
    },
    {
      "title": "Legend of Deification",
      "url": "https://anichin.cafe/seri/legend-of-deification/"
    },
    {
      "title": "Legend of Dragon Soldier",
      "url": "https://anichin.cafe/seri/legend-of-dragon-soldier/"
    },
    {
      "title": "Legend of Exorcism Season 1",
      "url": "https://anichin.cafe/seri/legend-of-exorcism-season-1/"
    },
    {
      "title": "Legend of Exorcism Season 2",
      "url": "https://anichin.cafe/seri/legend-of-exorcism-season-2/"
    },
    {
      "title": "Legend of Lotus Fairy Sword",
      "url": "https://anichin.cafe/seri/legend-of-lotus-fairy-sword/"
    },
    {
      "title": "Legend of Martial Immortal",
      "url": "https://anichin.cafe/seri/legend-of-martial-immortal/"
    },
    {
      "title": "Legend of Sho",
      "url": "https://anichin.cafe/seri/legend-of-sho/"
    },
    {
      "title": "Legend of Soldier",
      "url": "https://anichin.cafe/seri/legend-of-soldier/"
    },
    {
      "title": "Legend of the Maestro",
      "url": "https://anichin.cafe/seri/legend-of-the-maestro/"
    },
    {
      "title": "Legendary Twins",
      "url": "https://anichin.cafe/seri/legendary-twins/"
    },
    {
      "title": "Leveling Up In A Fantasy World",
      "url": "https://anichin.cafe/seri/leveling-up-in-a-fantasy-world/"
    },
    {
      "title": "Ling Feng Zhe",
      "url": "https://anichin.cafe/seri/ling-feng-zhe/"
    },
    {
      "title": "Lingwu Continent",
      "url": "https://anichin.cafe/seri/lingwu-continent/"
    },
    {
      "title": "Link Click Season 1",
      "url": "https://anichin.cafe/seri/link-click-season-1/"
    },
    {
      "title": "Link Click Season 2",
      "url": "https://anichin.cafe/seri/link-click-season-2/"
    },
    {
      "title": "LINK CLICK: BRIDON ARC",
      "url": "https://anichin.cafe/seri/link-click-bridon-arc/"
    },
    {
      "title": "Little Fairy Yao",
      "url": "https://anichin.cafe/seri/little-fairy-yao/"
    },
    {
      "title": "Long Sword",
      "url": "https://anichin.cafe/seri/long-sword/"
    },
    {
      "title": "Lord of Destiny",
      "url": "https://anichin.cafe/seri/lord-of-destiny/"
    },
    {
      "title": "Lord of Planet",
      "url": "https://anichin.cafe/seri/lord-of-planet/"
    },
    {
      "title": "Lord of the Ancient God Grave",
      "url": "https://anichin.cafe/seri/lord-of-the-ancient-god-grave/"
    },
    {
      "title": "Lord of The Mysteries",
      "url": "https://anichin.cafe/seri/lord-of-the-mysteries/"
    },
    {
      "title": "Lord of the Universe Season 1",
      "url": "https://anichin.cafe/seri/lord-of-the-universe-season-1/"
    },
    {
      "title": "Lord of the Universe Season 2",
      "url": "https://anichin.cafe/seri/lord-of-the-universe-season-2/"
    },
    {
      "title": "Lord of the Universe Season 3",
      "url": "https://anichin.cafe/seri/lord-of-the-universe-season-3/"
    },
    {
      "title": "Lord Xue Ying Season 1",
      "url": "https://anichin.cafe/seri/lord-xue-ying-season-1/"
    },
    {
      "title": "Lord Xue Ying Season 2",
      "url": "https://anichin.cafe/seri/lord-xue-ying-season-2/"
    },
    {
      "title": "Lord Xue Ying Season 3",
      "url": "https://anichin.cafe/seri/lord-xue-ying-season-3/"
    },
    {
      "title": "Love Between Fairy and Devil",
      "url": "https://anichin.cafe/seri/love-between-fairy-and-devil/"
    },
    {
      "title": "Luoyang Divine Youth",
      "url": "https://anichin.cafe/seri/luoyang-divine-youth/"
    },
    {
      "title": "M&S Organization",
      "url": "https://anichin.cafe/seri/ms-organization/"
    },
    {
      "title": "Magic Chef of Fire and Ice",
      "url": "https://anichin.cafe/seri/magic-chef-of-fire-and-ice/"
    },
    {
      "title": "Make Money To Be King",
      "url": "https://anichin.cafe/seri/make-money-to-be-king/"
    },
    {
      "title": "Manual of Hundred Demons Season 1",
      "url": "https://anichin.cafe/seri/manual-of-hundred-demons-season-1/"
    },
    {
      "title": "Manual of Hundred Demons Season 2",
      "url": "https://anichin.cafe/seri/manual-of-hundred-demons-season-2/"
    },
    {
      "title": "Manual of Hundred Demons Season 3",
      "url": "https://anichin.cafe/seri/manual-of-hundred-demons-season-3/"
    },
    {
      "title": "Martial God Asura",
      "url": "https://anichin.cafe/seri/martial-god-asura/"
    },
    {
      "title": "Martial Inverse",
      "url": "https://anichin.cafe/seri/martial-inverse/"
    },
    {
      "title": "Martial Master",
      "url": "https://anichin.cafe/seri/martial-master/"
    },
    {
      "title": "Martial Peak",
      "url": "https://anichin.cafe/seri/martial-peak/"
    },
    {
      "title": "Master of the Star Origin",
      "url": "https://anichin.cafe/seri/master-of-the-star-origin/"
    },
    {
      "title": "Matchless Emperor",
      "url": "https://anichin.cafe/seri/matchless-emperor/"
    },
    {
      "title": "Meng Qi Shi Shen Season 1",
      "url": "https://anichin.cafe/seri/meng-qi-shi-shen-season-1/"
    },
    {
      "title": "Meng Qi Shi Shen Season 2",
      "url": "https://anichin.cafe/seri/meng-qi-shi-shen-season-2/"
    },
    {
      "title": "Meng Qi Shi Shen Season 3",
      "url": "https://anichin.cafe/seri/meng-qi-shi-shen-season-3/"
    },
    {
      "title": "Millenniums Of Warring States",
      "url": "https://anichin.cafe/seri/millenniums-of-warring-states/"
    },
    {
      "title": "Mo Dao Zu Shi Season 1",
      "url": "https://anichin.cafe/seri/mo-dao-zu-shi-season-1/"
    },
    {
      "title": "Mo Dao Zu Shi Season 2",
      "url": "https://anichin.cafe/seri/mo-dao-zu-shi-season-2/"
    },
    {
      "title": "Mo Dao Zu Shi Season 3",
      "url": "https://anichin.cafe/seri/mo-dao-zu-shi-season-3/"
    },
    {
      "title": "Mom, I’m Sorry",
      "url": "https://anichin.cafe/seri/mom-im-sorry/"
    },
    {
      "title": "Mortal Kombat Legends: Scorpions Revenge",
      "url": "https://anichin.cafe/seri/mortal-kombat-legends-scorpions-revenge/"
    },
    {
      "title": "My Cultivator Girlfriend",
      "url": "https://anichin.cafe/seri/my-cultivator-girlfriend/"
    },
    {
      "title": "My Heroic Husband",
      "url": "https://anichin.cafe/seri/my-heroic-husband/"
    },
    {
      "title": "My Heroic Husband Season 2",
      "url": "https://anichin.cafe/seri/my-heroic-husband-season-2/"
    },
    {
      "title": "My Holy Weapon",
      "url": "https://anichin.cafe/seri/my-holy-weapon/"
    },
    {
      "title": "My Journey to Another World",
      "url": "https://anichin.cafe/seri/my-journey-to-another-world/"
    },
    {
      "title": "My Sectarian Members Are Spies",
      "url": "https://anichin.cafe/seri/my-sectarian-members-are-spies/"
    },
    {
      "title": "My Senior Brother Is Too Steady",
      "url": "https://anichin.cafe/seri/my-senior-brother-is-too-steady/"
    },
    {
      "title": "My Senior Brother Is Too Strong",
      "url": "https://anichin.cafe/seri/my-senior-brother-is-too-strong/"
    },
    {
      "title": "My WeChat Connects to the Dragon Palace",
      "url": "https://anichin.cafe/seri/my-wechat-connects-to-the-dragon-palace/"
    },
    {
      "title": "Nirvana of Storm Riders",
      "url": "https://anichin.cafe/seri/nirvana-of-storm-riders/"
    },
    {
      "title": "Novoland Eagle Flag",
      "url": "https://anichin.cafe/seri/novoland-eagle-flag/"
    },
    {
      "title": "Otherworldly Evil Monarch",
      "url": "https://anichin.cafe/seri/otherworldly-evil-monarch/"
    },
    {
      "title": "Over Goddess",
      "url": "https://anichin.cafe/seri/over-goddess/"
    },
    {
      "title": "Over the Divine Kingdom",
      "url": "https://anichin.cafe/seri/over-the-divine-kingdom/"
    },
    {
      "title": "Peak of True Martial Arts",
      "url": "https://anichin.cafe/seri/peak-of-true-martial-arts/"
    },
    {
      "title": "Peerless Battle Spirit",
      "url": "https://anichin.cafe/seri/peerless-battle-spirit/"
    },
    {
      "title": "Peerless Martial Spirit",
      "url": "https://anichin.cafe/seri/peerless-martial-spirit/"
    },
    {
      "title": "Perfect World",
      "url": "https://anichin.cafe/seri/perfect-world/"
    },
    {
      "title": "Perfect World Movie: Ashes of Fire",
      "url": "https://anichin.cafe/seri/perfect-world-movie-ashes-of-fire/"
    },
    {
      "title": "Player Sultan",
      "url": "https://anichin.cafe/seri/player-sultan/"
    },
    {
      "title": "Prince, Don’t Do This!",
      "url": "https://anichin.cafe/seri/prince-dont-do-this/"
    },
    {
      "title": "Proud Swordsman",
      "url": "https://anichin.cafe/seri/proud-swordsman/"
    },
    {
      "title": "Purgatory Walkers",
      "url": "https://anichin.cafe/seri/purgatory-walkers/"
    },
    {
      "title": "Purple River",
      "url": "https://anichin.cafe/seri/purple-river/"
    },
    {
      "title": "Qin Xia",
      "url": "https://anichin.cafe/seri/qin-xia/"
    },
    {
      "title": "Qin’s Moon: Nine Songs of the Moving Heavens Season 1",
      "url": "https://anichin.cafe/seri/qins-moon-nine-songs-of-the-moving-heavens-season-1/"
    },
    {
      "title": "Qin’s Moon: Nine Songs of the Moving Heavens Season 2",
      "url": "https://anichin.cafe/seri/qins-moon-nine-songs-of-the-moving-heavens-season-2/"
    },
    {
      "title": "Quanzhi Fashi Season 1",
      "url": "https://anichin.cafe/seri/quanzhi-fashi-season-1/"
    },
    {
      "title": "Quanzhi Fashi Season 2",
      "url": "https://anichin.cafe/seri/quanzhi-fashi-season-2/"
    },
    {
      "title": "Quanzhi Fashi Season 3",
      "url": "https://anichin.cafe/seri/quanzhi-fashi-season-3/"
    },
    {
      "title": "Quanzhi Fashi Season 4",
      "url": "https://anichin.cafe/seri/quanzhi-fashi-season-4/"
    },
    {
      "title": "Quanzhi Fashi Season 5",
      "url": "https://anichin.cafe/seri/quanzhi-fashi-season-5/"
    },
    {
      "title": "Quanzhi Fashi Season 6",
      "url": "https://anichin.cafe/seri/quanzhi-fashi-season-6/"
    },
    {
      "title": "Quanzhi Gaoshou Movie：For the Glory",
      "url": "https://anichin.cafe/seri/quanzhi-gaoshou-movie%ef%bc%9afor-the-glory/"
    },
    {
      "title": "Quanzhi Gaoshou Season 1",
      "url": "https://anichin.cafe/seri/quanzhi-gaoshou-season-1/"
    },
    {
      "title": "Quanzhi Gaoshou Season 2",
      "url": "https://anichin.cafe/seri/quanzhi-gaoshou-season-2/"
    },
    {
      "title": "Quanzhi Gaoshou Season 3",
      "url": "https://anichin.cafe/seri/quanzhi-gaoshou-season-3/"
    },
    {
      "title": "Rakshasa Street Season 1",
      "url": "https://anichin.cafe/seri/rakshasa-street-season-1/"
    },
    {
      "title": "Rakshasa Street Season 2",
      "url": "https://anichin.cafe/seri/rakshasa-street-season-2/"
    },
    {
      "title": "Rakshasa Street Season 3",
      "url": "https://anichin.cafe/seri/rakshasa-street-season-3/"
    },
    {
      "title": "Rebirth of the Sword Patriarch",
      "url": "https://anichin.cafe/seri/rebirth-of-the-sword-patriarch/"
    },
    {
      "title": "Renegade Immortal",
      "url": "https://anichin.cafe/seri/renegade-immortal/"
    },
    {
      "title": "Renegade Immortal Movie: Battle Of The Gods",
      "url": "https://anichin.cafe/seri/renegade-immortal-movie-battle-of-the-gods/"
    },
    {
      "title": "Revelation Online Season 1",
      "url": "https://anichin.cafe/seri/revelation-online-season-1/"
    },
    {
      "title": "Revelation Online Season 2",
      "url": "https://anichin.cafe/seri/revelation-online-season-2/"
    },
    {
      "title": "Reversal Dimension : AI Rise",
      "url": "https://anichin.cafe/seri/reversal-dimension-ai-rise/"
    },
    {
      "title": "Rise of the Dragon",
      "url": "https://anichin.cafe/seri/rise-of-the-dragon/"
    },
    {
      "title": "Sage Ancestor",
      "url": "https://anichin.cafe/seri/sage-ancestor/"
    },
    {
      "title": "Scumbag System",
      "url": "https://anichin.cafe/seri/scumbag-system/"
    },
    {
      "title": "Shadow of the Void",
      "url": "https://anichin.cafe/seri/shadow-of-the-void/"
    },
    {
      "title": "Shanghai Melody",
      "url": "https://anichin.cafe/seri/shanghai-melody/"
    },
    {
      "title": "Shao Nian Ge Xing Season 1",
      "url": "https://anichin.cafe/seri/shao-nian-ge-xing-season-1/"
    },
    {
      "title": "Shao Nian Ge Xing Season 2",
      "url": "https://anichin.cafe/seri/shao-nian-ge-xing-season-2/"
    },
    {
      "title": "Shao Nian Ge Xing Season 3",
      "url": "https://anichin.cafe/seri/shao-nian-ge-xing-season-3/"
    },
    {
      "title": "Shao Nian Ge Xing Season 4",
      "url": "https://anichin.cafe/seri/shao-nian-ge-xing-season-4/"
    },
    {
      "title": "Shrouding the Heavens",
      "url": "https://anichin.cafe/seri/shrouding-the-heavens/"
    },
    {
      "title": "Since The Red Moon Appeared",
      "url": "https://anichin.cafe/seri/since-the-red-moon-appeared/"
    },
    {
      "title": "Slay the Gods",
      "url": "https://anichin.cafe/seri/slay-the-gods/"
    },
    {
      "title": "Soul Land 2: The Unrivaled Tang Sect",
      "url": "https://anichin.cafe/seri/soul-land-2-the-unrivaled-tang-sect/"
    },
    {
      "title": "Soul Land Movie: Battle of The Gods Director’s Cut",
      "url": "https://anichin.cafe/seri/soul-land-movie-battle-of-the-gods-directors-cut/"
    },
    {
      "title": "Soul Land Season 1",
      "url": "https://anichin.cafe/seri/soul-land/"
    },
    {
      "title": "Soul Land Season 2",
      "url": "https://anichin.cafe/seri/soul-land-season-2/"
    },
    {
      "title": "Soul Land Season 2 (Live Action)",
      "url": "https://anichin.cafe/seri/soul-land-season-2-live-action/"
    },
    {
      "title": "Soul Of Light",
      "url": "https://anichin.cafe/seri/soul-of-light/"
    },
    {
      "title": "Space Time Rift",
      "url": "https://anichin.cafe/seri/space-time-rift/"
    },
    {
      "title": "Spare Me, Great Lord! Season 1",
      "url": "https://anichin.cafe/seri/spare-me-great-lord/"
    },
    {
      "title": "Spare Me, Great Lord! Season 2",
      "url": "https://anichin.cafe/seri/spare-me-great-lord-season-2/"
    },
    {
      "title": "Spirit Cage: Incarnation Season 1",
      "url": "https://anichin.cafe/seri/spirit-cage-incarnation-season-1/"
    },
    {
      "title": "Spirit Cage: Incarnation Season 2",
      "url": "https://anichin.cafe/seri/spirit-cage-incarnation-season-2/"
    },
    {
      "title": "Spirit Guardians Season 1",
      "url": "https://anichin.cafe/seri/spirit-guardians-season-1/"
    },
    {
      "title": "Spirit Guardians Season 2",
      "url": "https://anichin.cafe/seri/spirit-guardians-season-2/"
    },
    {
      "title": "Spirit Guardians Season 3",
      "url": "https://anichin.cafe/seri/spirit-guardians-season-3/"
    },
    {
      "title": "Spirit Guardians Season 4",
      "url": "https://anichin.cafe/seri/spirit-guardians-season-4/"
    },
    {
      "title": "Spirit Guardians Season 5",
      "url": "https://anichin.cafe/seri/spirit-guardians-season-5/"
    },
    {
      "title": "Spirit of the Book Season 1",
      "url": "https://anichin.cafe/seri/spirit-of-the-book-season-1/"
    },
    {
      "title": "Spirit of the Book Season 2",
      "url": "https://anichin.cafe/seri/spirit-of-the-book-season-2/"
    },
    {
      "title": "Spirit Sword Sovereign Season 1",
      "url": "https://anichin.cafe/seri/spirit-sword-sovereign-season-1/"
    },
    {
      "title": "Spirit Sword Sovereign Season 2",
      "url": "https://anichin.cafe/seri/spirit-sword-sovereign-season-2/"
    },
    {
      "title": "Spirit Sword Sovereign Season 3",
      "url": "https://anichin.cafe/seri/spirit-sword-sovereign-season-3/"
    },
    {
      "title": "Spirit Sword Sovereign Season 4",
      "url": "https://anichin.cafe/seri/spirit-sword-sovereign-season-4/"
    },
    {
      "title": "Spirits In Chinese Brushes",
      "url": "https://anichin.cafe/seri/spirits-in-chinese-brushes/"
    },
    {
      "title": "Spiritual Domain Live Action",
      "url": "https://anichin.cafe/seri/spiritual-domain-live-action/"
    },
    {
      "title": "Spiritual Domain Season 1",
      "url": "https://anichin.cafe/seri/spiritual-domain-season-1/"
    },
    {
      "title": "Spiritual Domain Season 2",
      "url": "https://anichin.cafe/seri/spiritual-domain-season-2/"
    },
    {
      "title": "Spiritual Domain Season 3",
      "url": "https://anichin.cafe/seri/spiritual-domain-season-3/"
    },
    {
      "title": "Spiritual Domain Season 4",
      "url": "https://anichin.cafe/seri/spiritual-domain-season-4/"
    },
    {
      "title": "Spiritual Domain Season 5",
      "url": "https://anichin.cafe/seri/spiritual-domain-season-5/"
    },
    {
      "title": "Spiritual Domain Season 6",
      "url": "https://anichin.cafe/seri/spiritual-domain-season-6/"
    },
    {
      "title": "Star Martial God Technique Season 1",
      "url": "https://anichin.cafe/seri/star-martial-god-technique-season-1/"
    },
    {
      "title": "Star Martial God Technique Season 2",
      "url": "https://anichin.cafe/seri/star-martial-god-technique-season-2/"
    },
    {
      "title": "Start to Be a Star Today",
      "url": "https://anichin.cafe/seri/start-to-be-a-star-today/"
    },
    {
      "title": "Start to be a Star Today Season 2",
      "url": "https://anichin.cafe/seri/start-to-be-a-star-today-season-2/"
    },
    {
      "title": "Stellar Transformation Season 1",
      "url": "https://anichin.cafe/seri/stellar-transformation-season-1/"
    },
    {
      "title": "Stellar Transformation Season 2",
      "url": "https://anichin.cafe/seri/stellar-transformation-season-2/"
    },
    {
      "title": "Stellar Transformation Season 3",
      "url": "https://anichin.cafe/seri/stellar-transformation-season-3/"
    },
    {
      "title": "Stellar Transformation Season 4",
      "url": "https://anichin.cafe/seri/stellar-transformation-season-4/"
    },
    {
      "title": "Stellar Transformation Season 5",
      "url": "https://anichin.cafe/seri/stellar-transformation-season-5/"
    },
    {
      "title": "Stellar Transformation Season 6",
      "url": "https://anichin.cafe/seri/stellar-transformation-season-6/"
    },
    {
      "title": "Strongest Immortal of Seven Realms",
      "url": "https://anichin.cafe/seri/strongest-immortal-of-seven-realms/"
    },
    {
      "title": "Summer Punch",
      "url": "https://anichin.cafe/seri/summer-punch/"
    },
    {
      "title": "Super Cube",
      "url": "https://anichin.cafe/seri/super-cube/"
    },
    {
      "title": "Super Xiang",
      "url": "https://anichin.cafe/seri/super-xiang/"
    },
    {
      "title": "Supreme Above The Sky",
      "url": "https://anichin.cafe/seri/supreme-above-the-sky/"
    },
    {
      "title": "Supreme Alchemy",
      "url": "https://anichin.cafe/seri/supreme-alchemy/"
    },
    {
      "title": "Supreme Galaxy Season 1",
      "url": "https://anichin.cafe/seri/supreme-galaxy-season-1/"
    },
    {
      "title": "Supreme Galaxy Season 2",
      "url": "https://anichin.cafe/seri/supreme-galaxy-season-2/"
    },
    {
      "title": "Supreme God Emperor",
      "url": "https://anichin.cafe/seri/supreme-god-emperor/"
    },
    {
      "title": "Supreme Sword God",
      "url": "https://anichin.cafe/seri/supreme-sword-god/"
    },
    {
      "title": "Swallowed Star",
      "url": "https://anichin.cafe/seri/swallowed-star/"
    },
    {
      "title": "Swallowed Star Movie: Blood River Continent",
      "url": "https://anichin.cafe/seri/swallowed-star-movie-blood-river-continent/"
    },
    {
      "title": "Swallowed Star Season 2 dan 3",
      "url": "https://anichin.cafe/seri/swallowed-star-season-2/"
    },
    {
      "title": "Swallowed Star Season 3",
      "url": "https://anichin.cafe/seri/swallowed-star-season-4/"
    },
    {
      "title": "SWARM",
      "url": "https://anichin.cafe/seri/swarm/"
    },
    {
      "title": "Sword Bone",
      "url": "https://anichin.cafe/seri/sword-bone/"
    },
    {
      "title": "Sword Dynasty",
      "url": "https://anichin.cafe/seri/sword-dynasty/"
    },
    {
      "title": "Sword of Coming",
      "url": "https://anichin.cafe/seri/sword-of-coming/"
    },
    {
      "title": "Sword Quest",
      "url": "https://anichin.cafe/seri/sword-quest/"
    },
    {
      "title": "Sword Saint of Heavenly Realm",
      "url": "https://anichin.cafe/seri/sword-saint-of-heavenly-realm/"
    },
    {
      "title": "Tales Of Dark River",
      "url": "https://anichin.cafe/seri/tales-of-dark-river/"
    },
    {
      "title": "Tales of Demons and Gods Season 1",
      "url": "https://anichin.cafe/seri/tales-of-demons-and-gods-season-1/"
    },
    {
      "title": "Tales of Demons and Gods Season 2",
      "url": "https://anichin.cafe/seri/tales-of-demons-and-gods-season-2/"
    },
    {
      "title": "Tales of Demons and Gods Season 3",
      "url": "https://anichin.cafe/seri/tales-of-demons-and-gods-season-3/"
    },
    {
      "title": "Tales of Demons and Gods Season 4",
      "url": "https://anichin.cafe/seri/tales-of-demons-and-gods-season-4/"
    },
    {
      "title": "Tales of Demons and Gods Season 5 & 6",
      "url": "https://anichin.cafe/seri/tales-of-demons-and-gods-season-5-6/"
    },
    {
      "title": "Tales of Demons and Gods Season 7",
      "url": "https://anichin.cafe/seri/tales-of-demons-and-gods-season-7/"
    },
    {
      "title": "Tales of Demons and Gods Season 8",
      "url": "https://anichin.cafe/seri/tales-of-demons-and-gods-season-8/"
    },
    {
      "title": "Tales of Demons and Gods Season 9",
      "url": "https://anichin.cafe/seri/tales-of-demons-and-gods-season-9/"
    },
    {
      "title": "Tales of Herding Gods",
      "url": "https://anichin.cafe/seri/tales-of-herding-gods/"
    },
    {
      "title": "The Abyss Game",
      "url": "https://anichin.cafe/seri/the-abyss-game/"
    },
    {
      "title": "The Adventure’s of Yang Chen",
      "url": "https://anichin.cafe/seri/the-adventures-of-yang-chen/"
    },
    {
      "title": "The Age of Cosmos Exploration",
      "url": "https://anichin.cafe/seri/the-age-of-cosmos-exploration/"
    },
    {
      "title": "The All-Devouring Whale: Homecoming",
      "url": "https://anichin.cafe/seri/the-all-devouring-whale-homecoming/"
    },
    {
      "title": "The Black Troop",
      "url": "https://anichin.cafe/seri/the-black-troop/"
    },
    {
      "title": "The Black Troop 2: The Arrival of Deities",
      "url": "https://anichin.cafe/seri/the-black-troop-2-the-arrival-of-deities/"
    },
    {
      "title": "The Black Troop 3: Leiting Wan Jun",
      "url": "https://anichin.cafe/seri/the-black-troop-3-leiting-wan-jun/"
    },
    {
      "title": "The Chaos History of War",
      "url": "https://anichin.cafe/seri/the-chaos-history-of-war/"
    },
    {
      "title": "The Daily Life of The Immortal King Season 1",
      "url": "https://anichin.cafe/seri/the-daily-life-of-the-immortal-king-season-1/"
    },
    {
      "title": "The Daily Life of The Immortal King Season 2",
      "url": "https://anichin.cafe/seri/the-daily-life-of-the-immortal-king-season-2/"
    },
    {
      "title": "The Daily Life of the Immortal King Season 3",
      "url": "https://anichin.cafe/seri/the-daily-life-of-the-immortal-king-season-3/"
    },
    {
      "title": "The Daily Life of the Immortal King Season 4",
      "url": "https://anichin.cafe/seri/the-daily-life-of-the-immortal-king-season-4/"
    },
    {
      "title": "The Defective",
      "url": "https://anichin.cafe/seri/the-defective/"
    },
    {
      "title": "The Demon King Who Lost His Job",
      "url": "https://anichin.cafe/seri/the-demon-king-who-lost-his-job/"
    },
    {
      "title": "The Emperor of Myriad Realms",
      "url": "https://anichin.cafe/seri/the-emperor-of-myriad-realms/"
    },
    {
      "title": "The Eternal Strife",
      "url": "https://anichin.cafe/seri/the-eternal-strife/"
    },
    {
      "title": "The Fate of Arad Season 1",
      "url": "https://anichin.cafe/seri/the-fate-of-arad-season-1/"
    },
    {
      "title": "The Fate of Arad Season 2",
      "url": "https://anichin.cafe/seri/the-fate-of-arad-season-2/"
    },
    {
      "title": "The First Order",
      "url": "https://anichin.cafe/seri/the-first-order/"
    },
    {
      "title": "The First Son-In-Law Vanguard of All Time",
      "url": "https://anichin.cafe/seri/the-first-son-in-law-vanguard-of-all-time/"
    },
    {
      "title": "The Flame Imperial Guards",
      "url": "https://anichin.cafe/seri/the-flame-imperial-guards/"
    },
    {
      "title": "The Gerent Saga Prologue",
      "url": "https://anichin.cafe/seri/the-gerent-saga-prologue/"
    },
    {
      "title": "The Girl Downstairs",
      "url": "https://anichin.cafe/seri/the-girl-downstairs/"
    },
    {
      "title": "The Golden Wug",
      "url": "https://anichin.cafe/seri/the-golden-wug/"
    },
    {
      "title": "The Great Ruler",
      "url": "https://anichin.cafe/seri/the-great-ruler/"
    },
    {
      "title": "The Great Ruler 3D",
      "url": "https://anichin.cafe/seri/the-great-ruler-3d/"
    },
    {
      "title": "The Guardian Legend",
      "url": "https://anichin.cafe/seri/the-guardian-legend/"
    },
    {
      "title": "The Infinitors",
      "url": "https://anichin.cafe/seri/the-infinitors/"
    },
    {
      "title": "The Invincible",
      "url": "https://anichin.cafe/seri/the-invincible/"
    },
    {
      "title": "The Island of Siliang",
      "url": "https://anichin.cafe/seri/the-island-of-siliang/"
    },
    {
      "title": "The Island of Siliang Season 2",
      "url": "https://anichin.cafe/seri/the-island-of-siliang-season-2/"
    },
    {
      "title": "The Land of Miracles Season 1",
      "url": "https://anichin.cafe/seri/the-land-of-miracles-season-1/"
    },
    {
      "title": "The Land of Miracles Season 2",
      "url": "https://anichin.cafe/seri/the-land-of-miracles-season-2/"
    },
    {
      "title": "The Land of Miracles Season 3",
      "url": "https://anichin.cafe/seri/the-land-of-miracles-season-3/"
    },
    {
      "title": "The Last Summoner",
      "url": "https://anichin.cafe/seri/the-last-summoner/"
    },
    {
      "title": "The Legend of Magic Outfit",
      "url": "https://anichin.cafe/seri/the-legend-of-magic-outfit/"
    },
    {
      "title": "The Legend of Princess Chang-Ge",
      "url": "https://anichin.cafe/seri/the-legend-of-princess-chang-ge/"
    },
    {
      "title": "The Legend of Sky Lord 3D",
      "url": "https://anichin.cafe/seri/the-legend-of-sky-lord-3d/"
    },
    {
      "title": "The Legend of Sword Domain",
      "url": "https://anichin.cafe/seri/the-legend-of-sword-domain/"
    },
    {
      "title": "The Legend Of The Greatest Sword Immortal",
      "url": "https://anichin.cafe/seri/the-legend-of-the-greatest-sword-immortal/"
    },
    {
      "title": "The Little Master’s Better Life",
      "url": "https://anichin.cafe/seri/the-little-masters-better-life/"
    },
    {
      "title": "The Lord of Rogue Devil",
      "url": "https://anichin.cafe/seri/the-lord-of-rogue-devil/"
    },
    {
      "title": "The Metaverse",
      "url": "https://anichin.cafe/seri/the-metaverse/"
    },
    {
      "title": "The Mirage House in the Clouds",
      "url": "https://anichin.cafe/seri/the-mirage-house-in-the-clouds/"
    },
    {
      "title": "The Mirror 1: Twin Cities Prologue",
      "url": "https://anichin.cafe/seri/the-mirror-1-twin-cities-prologue/"
    },
    {
      "title": "The Mirror 2: Twin Cities",
      "url": "https://anichin.cafe/seri/the-mirror-2-twin-cities/"
    },
    {
      "title": "The Path Toward Heaven",
      "url": "https://anichin.cafe/seri/the-path-toward-heaven/"
    },
    {
      "title": "The Proud Emperor of Eternity",
      "url": "https://anichin.cafe/seri/the-proud-emperor-of-eternity/"
    },
    {
      "title": "The Ravages of Time",
      "url": "https://anichin.cafe/seri/the-ravages-of-time/"
    },
    {
      "title": "The Ravages of Time Season 2",
      "url": "https://anichin.cafe/seri/the-ravages-of-time-season-2/"
    },
    {
      "title": "The Richest Man In Game",
      "url": "https://anichin.cafe/seri/the-richest-man-in-game/"
    },
    {
      "title": "The Rise of the Weak",
      "url": "https://anichin.cafe/seri/the-rise-of-the-weak/"
    },
    {
      "title": "The Rule of Burning Sun I",
      "url": "https://anichin.cafe/seri/the-rule-of-burning-sun-i/"
    },
    {
      "title": "The Rule of Burning Sun II",
      "url": "https://anichin.cafe/seri/the-rule-of-burning-sun-ii/"
    },
    {
      "title": "The Shape of the Wind 1: Galaxy Arc",
      "url": "https://anichin.cafe/seri/the-shape-of-the-wind-1-galaxy-arc/"
    },
    {
      "title": "The Shape of the Wind 2: Siam Era",
      "url": "https://anichin.cafe/seri/the-shape-of-the-wind-2-siam-era/"
    },
    {
      "title": "The Soul of Soldier Master",
      "url": "https://anichin.cafe/seri/the-soul-of-soldier-master/"
    },
    {
      "title": "The Strongest Male Hero Ever",
      "url": "https://anichin.cafe/seri/the-strongest-male-hero-ever/"
    },
    {
      "title": "The Success Of Empyrean Xuan Emperor",
      "url": "https://anichin.cafe/seri/the-success-of-empyrean-xuan-emperor/"
    },
    {
      "title": "The Sword Of Dawn",
      "url": "https://anichin.cafe/seri/the-sword-of-dawn/"
    },
    {
      "title": "The Three-Body Problem",
      "url": "https://anichin.cafe/seri/the-three-body-problem/"
    },
    {
      "title": "The War of Cards",
      "url": "https://anichin.cafe/seri/the-war-of-cards/"
    },
    {
      "title": "The Young Brewmaster’s Adventure",
      "url": "https://anichin.cafe/seri/the-young-brewmasters-adventure/"
    },
    {
      "title": "The Young Brewmaster’s Adventure Season 2",
      "url": "https://anichin.cafe/seri/the-young-brewmasters-adventure-season-2/"
    },
    {
      "title": "The Young Imperial Guards Season 1",
      "url": "https://anichin.cafe/seri/the-young-imperial-guards-season-1/"
    },
    {
      "title": "The Young Imperial Guards Season 2",
      "url": "https://anichin.cafe/seri/the-young-imperial-guards-season-2/"
    },
    {
      "title": "Thousand Autumns",
      "url": "https://anichin.cafe/seri/thousand-autumns/"
    },
    {
      "title": "Three Swordsman: Half Face",
      "url": "https://anichin.cafe/seri/three-swordsman-half-face/"
    },
    {
      "title": "Throne of Seal",
      "url": "https://anichin.cafe/seri/throne-of-seal/"
    },
    {
      "title": "Throne of Seal Movie: Electrolux",
      "url": "https://anichin.cafe/seri/throne-of-seal-movie-electrolux/"
    },
    {
      "title": "Tian Huang Zhen Shen",
      "url": "https://anichin.cafe/seri/tian-huang-zhen-shen/"
    },
    {
      "title": "Tiger Crane",
      "url": "https://anichin.cafe/seri/tiger-crane/"
    },
    {
      "title": "Time Prisoner",
      "url": "https://anichin.cafe/seri/time-prisoner/"
    },
    {
      "title": "To Be Hero X",
      "url": "https://anichin.cafe/seri/to-be-hero-x/"
    },
    {
      "title": "Tomb of Fallen Gods",
      "url": "https://anichin.cafe/seri/tomb-of-fallen-gods/"
    },
    {
      "title": "Tomb of Fallen Gods Season 2",
      "url": "https://anichin.cafe/seri/tomb-of-fallen-gods-season-2/"
    },
    {
      "title": "Tong Ling Fei",
      "url": "https://anichin.cafe/seri/tong-ling-fei/"
    },
    {
      "title": "Transcending the Nine Heavens",
      "url": "https://anichin.cafe/seri/transcending-the-nine-heavens/"
    },
    {
      "title": "Twin Martial Souls",
      "url": "https://anichin.cafe/seri/twin-martial-souls/"
    },
    {
      "title": "Twin Moons",
      "url": "https://anichin.cafe/seri/twin-moons/"
    },
    {
      "title": "Urban Ancient Immortal Doctor",
      "url": "https://anichin.cafe/seri/urban-ancient-immortal-doctor/"
    },
    {
      "title": "Villain Initialization",
      "url": "https://anichin.cafe/seri/villain-initialization/"
    },
    {
      "title": "Wan Jie Chun Qiu",
      "url": "https://anichin.cafe/seri/wan-jie-chun-qiu/"
    },
    {
      "title": "Wangu Xian Qiong",
      "url": "https://anichin.cafe/seri/wangu-xian-qiong/"
    },
    {
      "title": "Wangu Xian Qiong Season 2",
      "url": "https://anichin.cafe/seri/wangu-xian-qiong-season-2/"
    },
    {
      "title": "War God System! I’m Counting On You!",
      "url": "https://anichin.cafe/seri/war-god-system-im-counting-on-you/"
    },
    {
      "title": "Wei Wo Du Shen",
      "url": "https://anichin.cafe/seri/wei-wo-du-shen/"
    },
    {
      "title": "White Snake 2: The Tribulation of the Green Snake",
      "url": "https://anichin.cafe/seri/white-snake-2-the-tribulation-of-the-green-snake/"
    },
    {
      "title": "White Snake: The Origin",
      "url": "https://anichin.cafe/seri/white-snake-the-origin/"
    },
    {
      "title": "Wing of the World",
      "url": "https://anichin.cafe/seri/wing-of-the-world/"
    },
    {
      "title": "Wo Shi Da Shenxian Season 1 dan 2",
      "url": "https://anichin.cafe/seri/wo-shi-da-shenxian/"
    },
    {
      "title": "Wo Shi Da Shenxian Season 3",
      "url": "https://anichin.cafe/seri/wo-shi-da-shenxian-season-3/"
    },
    {
      "title": "Wonderland Season 1",
      "url": "https://anichin.cafe/seri/wonderland-season-1/"
    },
    {
      "title": "Wonderland Season 2",
      "url": "https://anichin.cafe/seri/wonderland-season-2/"
    },
    {
      "title": "Wonderland Season 3",
      "url": "https://anichin.cafe/seri/wonderland-season-3/"
    },
    {
      "title": "Wonderland Season 4",
      "url": "https://anichin.cafe/seri/wonderland-season-4/"
    },
    {
      "title": "Wonderland Season 5",
      "url": "https://anichin.cafe/seri/wonderland-season-5/"
    },
    {
      "title": "World of Immortals",
      "url": "https://anichin.cafe/seri/world-of-immortals/"
    },
    {
      "title": "Wu Dong Qian Kun Season 1",
      "url": "https://anichin.cafe/seri/wu-dong-qian-kun-season-1/"
    },
    {
      "title": "Wu Dong Qian Kun Season 2",
      "url": "https://anichin.cafe/seri/wu-dong-qian-kun-season-2/"
    },
    {
      "title": "Wu Dong Qian Kun Season 3",
      "url": "https://anichin.cafe/seri/wu-dong-qian-kun-season-3/"
    },
    {
      "title": "Wu Dong Qian Kun Season 4",
      "url": "https://anichin.cafe/seri/wu-dong-qian-kun-season-4/"
    },
    {
      "title": "Wu Dong Qian Kun Season 5",
      "url": "https://anichin.cafe/seri/wu-dong-qian-kun-season-5/"
    },
    {
      "title": "Wu Geng Ji Season 1",
      "url": "https://anichin.cafe/seri/wu-geng-ji-season-1/"
    },
    {
      "title": "Wu Geng Ji Season 2",
      "url": "https://anichin.cafe/seri/wu-geng-ji-season-2/"
    },
    {
      "title": "Wu Geng Ji Season 3",
      "url": "https://anichin.cafe/seri/wu-geng-ji-season-3/"
    },
    {
      "title": "Wu Geng Ji Season 4",
      "url": "https://anichin.cafe/seri/wu-geng-ji-season-4/"
    },
    {
      "title": "WUKONG",
      "url": "https://anichin.cafe/seri/wukong/"
    },
    {
      "title": "X-Epoch of Dragon",
      "url": "https://anichin.cafe/seri/x-epoch-of-dragon/"
    },
    {
      "title": "Xi Xing Ji Asura: Mad King",
      "url": "https://anichin.cafe/seri/xi-xing-ji-asura-mad-king/"
    },
    {
      "title": "Xi Xing Ji Movie 1 : Goodbye Wukong",
      "url": "https://anichin.cafe/seri/xi-xing-ji-movie-1-goodbye-wukong/"
    },
    {
      "title": "Xi Xing Ji Movie 2 : The Fantasy Cave",
      "url": "https://anichin.cafe/seri/xi-xing-ji-movie-2-the-fantasy-cave/"
    },
    {
      "title": "Xi Xing Ji Movie 3 : Shadow Demon City",
      "url": "https://anichin.cafe/seri/xi-xing-ji-movie-3-shadow-demon-city/"
    },
    {
      "title": "Xi Xing Ji Season 1",
      "url": "https://anichin.cafe/seri/xi-xing-ji-season-1/"
    },
    {
      "title": "Xi Xing Ji Season 2",
      "url": "https://anichin.cafe/seri/xi-xing-ji-season-2/"
    },
    {
      "title": "Xi Xing Ji Season 3",
      "url": "https://anichin.cafe/seri/xi-xing-ji-season-3/"
    },
    {
      "title": "Xi Xing Ji Season 4",
      "url": "https://anichin.cafe/seri/xi-xing-ji-season-4/"
    },
    {
      "title": "Xi Xing Ji Season 5",
      "url": "https://anichin.cafe/seri/xi-xing-ji-season-5/"
    },
    {
      "title": "XI XING JI: WU KONG",
      "url": "https://anichin.cafe/seri/xi-xing-ji-wu-kong/"
    },
    {
      "title": "Xi Zitang Seizes the Whole Country Power",
      "url": "https://anichin.cafe/seri/xi-zitang-seizes-the-whole-country-power/"
    },
    {
      "title": "Xiao Li the Innocent Girl",
      "url": "https://anichin.cafe/seri/xiao-li-the-innocent-girl/"
    },
    {
      "title": "Xie Wang Zhui Qi",
      "url": "https://anichin.cafe/seri/xie-wang-zhui-qi/"
    },
    {
      "title": "Yi Nian Yong Heng",
      "url": "https://anichin.cafe/seri/yi-nian-yong-heng/"
    },
    {
      "title": "Yi Nian Yong Heng Season 3",
      "url": "https://anichin.cafe/seri/yi-nian-yong-heng-season-3/"
    },
    {
      "title": "You Are My Glory (2021)",
      "url": "https://anichin.cafe/seri/you-are-my-glory-2021/"
    },
    {
      "title": "You’re A Genius!",
      "url": "https://anichin.cafe/seri/youre-a-genius/"
    },
    {
      "title": "Yuan Long Season 1",
      "url": "https://anichin.cafe/seri/yuan-long-season-1/"
    },
    {
      "title": "Yuan Long Season 2",
      "url": "https://anichin.cafe/seri/yuan-long-season-2/"
    },
    {
      "title": "Yuan Long Season 3",
      "url": "https://anichin.cafe/seri/yuan-long-season-3/"
    },
    {
      "title": "Ze Tian Ji Season 1",
      "url": "https://anichin.cafe/seri/ze-tian-ji-season-1/"
    },
    {
      "title": "Ze Tian Ji Season 2",
      "url": "https://anichin.cafe/seri/ze-tian-ji-season-2/"
    },
    {
      "title": "Ze Tian Ji Season 3",
      "url": "https://anichin.cafe/seri/ze-tian-ji-season-3/"
    },
    {
      "title": "Ze Tian Ji Season 4",
      "url": "https://anichin.cafe/seri/ze-tian-ji-season-4/"
    },
    {
      "title": "Ze Tian Ji Season 5",
      "url": "https://anichin.cafe/seri/ze-tian-ji-season-5/"
    },
    {
      "title": "Zhu Tian Ji",
      "url": "https://anichin.cafe/seri/zhu-tian-ji/"
    },
    {
      "title": "Battle Through the Heavens Season 5",
      "url": "https://anichin.cafe/seri/battle-through-the-heavens-season-5/"
    },
    {
      "title": "Stellar Transformation Season 6",
      "url": "https://anichin.cafe/seri/stellar-transformation-season-6/"
    },
    {
      "title": "Renegade Immortal",
      "url": "https://anichin.cafe/seri/renegade-immortal/"
    },
    {
      "title": "Tales of Herding Gods",
      "url": "https://anichin.cafe/seri/tales-of-herding-gods/"
    },
    {
      "title": "Perfect World",
      "url": "https://anichin.cafe/seri/perfect-world/"
    },
    {
      "title": "Renegade Immortal",
      "url": "https://anichin.cafe/seri/renegade-immortal/"
    },
    {
      "title": "Battle Through the Heavens Season 5",
      "url": "https://anichin.cafe/seri/battle-through-the-heavens-season-5/"
    },
    {
      "title": "Perfect World",
      "url": "https://anichin.cafe/seri/perfect-world/"
    },
    {
      "title": "Tales of Herding Gods",
      "url": "https://anichin.cafe/seri/tales-of-herding-gods/"
    },
    {
      "title": "Throne of Seal",
      "url": "https://anichin.cafe/seri/throne-of-seal/"
    },
    {
      "title": "Battle Through the Heavens Season 5",
      "url": "https://anichin.cafe/seri/battle-through-the-heavens-season-5/"
    },
    {
      "title": "Renegade Immortal",
      "url": "https://anichin.cafe/seri/renegade-immortal/"
    },
    {
      "title": "Perfect World",
      "url": "https://anichin.cafe/seri/perfect-world/"
    },
    {
      "title": "Throne of Seal",
      "url": "https://anichin.cafe/seri/throne-of-seal/"
    },
    {
      "title": "Soul Land 2: The Unrivaled Tang Sect",
      "url": "https://anichin.cafe/seri/soul-land-2-the-unrivaled-tang-sect/"
    },
    {
      "title": "Douluo Dalu: Jiandao Chen Xin",
      "url": "https://anichin.cafe/seri/douluo-dalu-jiandao-chen-xin/"
    },
    {
      "title": "Renegade Immortal Movie: Battle Of The Gods",
      "url": "https://anichin.cafe/seri/renegade-immortal-movie-battle-of-the-gods/"
    },
    {
      "title": "Swallowed Star Movie: Blood River Continent",
      "url": "https://anichin.cafe/seri/swallowed-star-movie-blood-river-continent/"
    },
    {
      "title": "Perfect World Movie: Ashes of Fire",
      "url": "https://anichin.cafe/seri/perfect-world-movie-ashes-of-fire/"
    },
    {
      "title": "Bu Liang Ren: The Legend of Yuan Tiangang",
      "url": "https://anichin.cafe/seri/bu-liang-ren-the-legend-of-yuan-tiangang/"
    }
  ]
}